rs4968163	17	467957
rs62056505	17	526477
rs410157	17	598240
rs331000	17	609506
rs684232	17	618965
rs461251	17	619162
rs910920	17	701122
rs12603526	17	800593
rs4968127	17	809643
rs78268366	17	811407
rs9915645	17	812534
rs73975586	17	814243
rs73975588	17	816741
rs118021774	17	822620
rs11247566	17	835371
rs5030755	17	1782952
rs16952006	17	2099183
rs17761864	17	2171637
rs12938141	17	2904292
rs35334668	17	3839874
rs11426758	17	4177495
rs8069681	17	4968142
rs11870446	17	5760829
rs9303196	17	5907443
rs192161881	17	6260660
rs8075565	17	6288146
rs75510837	17	6527876
rs12937068	17	6835255
rs4069805	17	7101771
rs57275132	17	7201330
rs4239258	17	7397043
rs78378222	17	7571752
rs138420351	17	7700063
rs78044421	17	7790138
rs9895704	17	7801082
rs28441558	17	7803118
rs7224399	17	7803552
rs28691002	17	7805353
rs60424695	17	7810596
rs12943962	17	7818004
rs12941683	17	7819743
rs3785982	17	9090224
rs141164127	17	9850630
rs1078643	17	10707241
rs17817050	17	10709753
rs72811264	17	12576704
rs115950603	17	12580733
rs72811270	17	12585459
rs7207494	17	13418109
rs971030	17	13892591
rs61050144	17	17092816
rs9908150	17	17114061
rs1736221	17	17125595
rs1736220	17	17126792
rs8080139	17	17631940
rs11656665	17	17724789
rs187408367	17	17738860
rs191340185	17	17781342
rs5819638	17	17857627
rs140494697	17	17997607
rs2280777	17	18041507
rs62073657	17	18094461
rs62072499	17	18126037
rs4924935	17	18753870
rs546022561	17	19758488
rs191441219	17	19806079
rs141612737	17	20171900
rs899342	17	20924620
rs6587119	17	20991506
rs2001651	17	21179461
rs572011593	17	26021490
rs9901901	17	26610513
rs144055451	17	26629052
rs704	17	26694861
rs17721600	17	27268513
rs568784433	17	27467966
rs57968892	17	27699690
rs216450	17	28878817
rs111780165	17	28887134
rs8081187	17	29016360
rs117662433	17	29163591
rs143663961	17	29181221
rs7223535	17	29211667
rs113934718	17	29214880
rs62070652	17	29221277
rs140040369	17	29223582
rs35958868	17	29236745
rs35840638	17	29251641
rs1129506	17	29646032
rs11870390	17	29865806
rs73991216	17	29893888
rs4795646	17	30092898
rs34441237	17	30096784
rs142444269	17	30098749
rs145652263	17	30464661
rs3795244	17	30692396
rs225190	17	30877658
rs75095380	17	31939313
rs76677535	17	32871885
rs11654964	17	32989538
rs111754359	17	33301190
rs16970540	17	33338447
rs2840044	17	33892068
rs62078064	17	34287348
rs3110641	17	36047417
rs17138478	17	36073320
rs11649743	17	36074979
rs17138476	17	36075605
rs4795218	17	36078510
rs146723727	17	36079112
rs62073542	17	36079565
rs4794758	17	36080428
rs7407025	17	36080810
rs8066151	17	36083304
rs2002731	17	36088530
rs3744763	17	36090885
rs7405776	17	36093022
rs2005705	17	36096300
rs757211	17	36096478
rs757210	17	36096515
rs11263761	17	36097775
rs4430796	17	36098040
rs11651755	17	36099840
rs10908278	17	36099952
rs7501939	17	36101156
rs8064454	17	36101586
rs12601991	17	36101633
rs11651052	17	36102381
rs757209	17	36102833
rs9901746	17	36103149
rs11263763	17	36103565
rs3760511	17	36106313
rs571254580	17	36210009
rs185605818	17	36950168
rs147844733	17	36994755
rs8067378	17	38051348
rs12603332	17	38082807
rs78201730	17	38433225
rs77038344	17	38644214
rs150537328	17	39251123
rs58117746	17	39305776
rs2239711	17	39633317
rs56291217	17	39858200
rs201166499	17	39890865
rs6503659	17	39897264
rs41283425	17	39925713
rs9901834	17	39926811
rs7222250	17	39938469
rs5820435	17	39961558
rs111637825	17	40134782
rs10708222	17	40137438
rs8070763	17	40536396
rs138672638	17	40578033
rs9901225	17	40755811
rs72826962	17	40836389
rs151329939	17	40959294
rs567534295	17	41200107
rs1237669	17	41912024
rs1642592	17	41969301
rs67633759	17	42515327
rs140193461	17	43020554
rs11653796	17	43218259
rs147904962	17	43454537
rs12952950	17	43456769
rs4763	17	43471489
rs17631303	17	43516402
rs111423688	17	43538523
rs71238846	17	43552537
rs1879586	17	43567337
rs1724390	17	43663247
rs2463523	17	43671737
rs413917	17	43723189
rs62056905	17	43782693
rs3072094	17	43798349
rs4277389	17	43895653
rs62061733	17	44018399
rs62061734	17	44018488
rs63750417	17	44060775
rs2532276	17	44246624
rs2532263	17	44252468
rs2532389	17	44311107
rs2532363	17	44333423
rs2732699	17	44354904
rs183211	17	44788310
rs199533	17	44828931
rs199512	17	44857352
rs70602	17	44859715
rs199498	17	44865603
rs149949310	17	44952586
rs559455928	17	45410144
rs767101980	17	45699830
rs149555730	17	45771774
rs9911983	17	45885756
rs142847236	17	45886772
rs2074187	17	45930359
rs568360281	17	46054408
rs554574584	17	46114750
rs559612720	17	46238735
rs2278868	17	46262171
rs882380	17	46294236
rs7211607	17	46336299
rs2084881	17	46357120
rs9303542	17	46411500
rs185055152	17	46415686
rs7207826	17	46500673
rs528765618	17	46571416
rs550396904	17	46613194
rs76525880	17	46614250
rs576161544	17	46763849
rs4793976	17	46780497
rs138213197	17	46805705
rs530497867	17	46973548
rs11079847	17	47037024
rs370406642	17	47207665
rs4794031	17	47342153
rs11650494	17	47345186
rs11079867	17	47354785
rs2898857	17	47356023
rs2960158	17	47380305
rs565189650	17	47398245
rs73324308	17	47405338
rs1343795	17	47412242
rs7225787	17	47428573
rs7210100	17	47436749
rs16948048	17	47440466
rs11655704	17	47448172
rs7212344	17	47453937
rs186051044	17	47460588
rs2671655	17	47468020
rs2584663	17	47468147
rs11653775	17	47472365
rs2671658	17	47474259
rs2197159	17	47477635
rs7502499	17	47490102
rs144239147	17	48154668
rs2075555	17	48274291
rs8081132	17	49496910
rs17662871	17	49639139
rs2113374	17	50508719
rs148042118	17	50815350
rs746870036	17	51427947
rs868595906	17	52398878
rs6504950	17	53056471
rs244353	17	53194769
rs2787486	17	53209774
rs2628317	17	53212573
rs149128637	17	53729157
rs199511438	17	55068519
rs66784924	17	55345814
rs139505845	17	55367089
rs12603880	17	55745993
rs16942732	17	56241308
rs1468574	17	56242574
rs12938538	17	56426027
rs2257205	17	56448297
rs2680708	17	56456120
rs78911886	17	56456802
rs2526370	17	56487636
rs80096138	17	56618823
rs72831252	17	57411671
rs61495451	17	57846516
rs3785856	17	59391379
rs10853029	17	59396449
rs2040609	17	59694638
rs11867566	17	59727850
rs34289250	17	59880646
rs72843168	17	61109624
rs9915454	17	63629238
rs17689224	17	64684265
rs2537828	17	65643086
rs72845278	17	65877076
rs60856912	17	65892343
rs7216064	17	65898809
rs199554208	17	66029038
rs11655740	17	66553479
rs72841344	17	66675143
rs36059695	17	66900804
rs146540010	17	67212390
rs9302891	17	67224847
rs7222314	17	69104938
rs17765332	17	69106742
rs17765344	17	69106874
rs8071558	17	69107673
rs984434	17	69108127
rs1859962	17	69108753
rs7217073	17	69110923
rs1859963	17	69113107
rs9889335	17	69115146
rs9911515	17	69115358
rs8068266	17	69116935
rs8072735	17	69117214
rs9893698	17	69118437
rs4793529	17	69118636
rs6501436	17	69119290
rs7217652	17	69119481
rs34171878	17	69127821
rs11655567	17	69216687
rs917278	17	69221925
rs737958	17	69224654
rs11651604	17	69436509
rs770647864	17	69496677
rs140991990	17	70097851
rs17181550	17	70299958
rs11655237	17	70400166
rs7214041	17	70401476
rs11652463	17	70405095
rs983318	17	70413253
rs12952458	17	70649990
rs11077618	17	70654695
rs772533608	17	70704974
rs4969001	17	70980127
rs35467001	17	71380062
rs74339503	17	72027984
rs777638099	17	72567423
rs371580271	17	72627981
rs62084913	17	72773047
rs772017337	17	72917895
rs820198	17	73627818
rs66459581	17	74355264
rs139401613	17	74562292
rs4789378	17	74930366
rs765653839	17	76063083
rs3794742	17	76165548
rs12949587	17	77361176
rs8082452	17	77771548
rs745570	17	77781725
rs118143944	17	78063635
rs532860474	17	78257346
rs9913477	17	79015698
rs9913021	17	79185208
rs8074440	17	79371210
rs6565604	17	79589242
rs572975911	17	79896953
rs4969481	17	79993212
rs12452625	17	80006427
rs540465806	17	80093941
rs373585858	17	80394556
rs62079673	17	80555477
rs898097	17	80904310
rs77433872	17	81025744
rs35702223	17	81047348
rs35204860	17	81053330
rs75954926	17	81061048
rs76409885	17	81064661
